day,direction,protocol,state,connections
2023-01-01,inbound,tcp,RSTRH,5707611
2023-01-01,outbound,tcp,S0,87619352
2023-01-01,outbound,tcp,S1,1173111
2023-01-01,outbound,tcp,S2,122831
2023-01-01,outbound,tcp,S3,486472
2023-01-01,internal,udp,OTH,909
2023-01-01,inbound,tcp,REJ,32848
2023-01-01,outbound,udp,SF,329280
2023-01-01,outbound,udp,OTH,47584379
2023-01-01,outbound,tcp,SF,19439519
2023-01-01,outbound,tcp,SH,8296812
2023-01-01,inbound,udp,SHR,41378958
2023-01-01,outbound,tcp,RSTO,2861408
2023-01-01,outbound,tcp,RSTR,1225638
2023-01-01,internal,icmp,OTH,2773559
2023-01-01,inbound,tcp,OTH,32157792
2023-01-01,internal,udp,S0,174798
2023-01-01,internal,tcp,S0,593591
2023-01-01,internal,tcp,S1,1185
2023-01-01,inbound,udp,S0,2563941795
2023-01-01,internal,tcp,S2,178
2023-01-01,internal,tcp,S3,203
2023-01-01,inbound,tcp,S0,1723843765
2023-01-01,internal,tcp,SHR,23959
2023-01-01,inbound,tcp,S1,195267
2023-01-01,inbound,tcp,S2,75413
2023-01-01,inbound,tcp,S3,38973
2023-01-01,internal,udp,SF,636
2023-01-01,outbound,tcp,SHR,33651602
2023-01-01,internal,tcp,RSTO,978
2023-01-01,inbound,icmp,OTH,270210131
2023-01-01,internal,tcp,RSTR,8286
2023-01-01,inbound,udp,OTH,73155021
2023-01-01,internal,tcp,SF,194893
2023-01-01,inbound,udp,SF,75887
2023-01-01,internal,tcp,SH,184505
2023-01-01,internal,tcp,REJ,33
2023-01-01,inbound,tcp,SF,13690037
2023-01-01,inbound,tcp,SH,13181248
2023-01-01,outbound,tcp,REJ,2424
2023-01-01,inbound,tcp,RSTO,1725746
2023-01-01,internal,tcp,RSTRH,4965
2023-01-01,internal,udp,SHR,93420
2023-01-01,outbound,tcp,RSTOS0,58338261
2023-01-01,inbound,tcp,RSTR,1038129
2023-01-01,outbound,tcp,RSTRH,13586010
2023-01-01,outbound,udp,SHR,119919167
2023-01-01,inbound,tcp,RSTOS0,37775372
2023-01-01,internal,tcp,OTH,550828
2023-01-01,outbound,tcp,OTH,59846997
2023-01-01,outbound,udp,S0,2201046684
2023-01-01,outbound,icmp,OTH,222828908
2023-01-01,inbound,tcp,SHR,27759908
2023-01-01,internal,tcp,RSTOS0,19656
2023-01-02,inbound,tcp,RSTRH,5731274
2023-01-02,outbound,tcp,S0,113003871
2023-01-02,outbound,tcp,S1,2854572
2023-01-02,outbound,tcp,S2,1611180
2023-01-02,outbound,tcp,S3,1853062
2023-01-02,internal,udp,OTH,7725
2023-01-02,inbound,tcp,REJ,35435
2023-01-02,outbound,udp,SF,794171
2023-01-02,outbound,udp,OTH,74894847
2023-01-02,outbound,tcp,SF,29368571
2023-01-02,outbound,tcp,SH,11203407
2023-01-02,inbound,udp,SHR,29799510
2023-01-02,outbound,tcp,RSTO,5658741
2023-01-02,outbound,tcp,RSTR,2639809
2023-01-02,internal,icmp,OTH,2633887
2023-01-02,inbound,tcp,OTH,36355334
2023-01-02,internal,udp,S0,1571811
2023-01-02,internal,tcp,S0,639878
2023-01-02,internal,tcp,S1,2749
2023-01-02,inbound,udp,S0,2634967064
2023-01-02,internal,tcp,S2,2502
2023-01-02,internal,tcp,S3,2121
2023-01-02,inbound,tcp,S0,1485701434
2023-01-02,inbound,tcp,S1,472976
2023-01-02,internal,tcp,SHR,45510
2023-01-02,inbound,tcp,S2,462723
2023-01-02,inbound,tcp,S3,326191
2023-01-02,internal,udp,SF,121
2023-01-02,outbound,tcp,SHR,41555767
2023-01-02,internal,tcp,RSTO,3722
2023-01-02,inbound,icmp,OTH,236663287
2023-01-02,internal,tcp,RSTR,14727
2023-01-02,inbound,udp,OTH,99246133
2023-01-02,internal,tcp,SF,225284
2023-01-02,inbound,udp,SF,176020
2023-01-02,internal,tcp,SH,190125
2023-01-02,internal,tcp,REJ,14
2023-01-02,inbound,tcp,SF,19649434
2023-01-02,inbound,tcp,SH,12830479
2023-01-02,outbound,tcp,REJ,9655
2023-01-02,inbound,tcp,RSTO,2380044
2023-01-02,internal,tcp,RSTRH,9273
2023-01-02,internal,udp,SHR,123637
2023-01-02,outbound,tcp,RSTOS0,64273965
2023-01-02,inbound,tcp,RSTR,1144867
2023-01-02,outbound,tcp,RSTRH,19622082
2023-01-02,outbound,udp,SHR,109915104
2023-01-02,inbound,tcp,RSTOS0,41460721
2023-01-02,internal,tcp,OTH,597495
2023-01-02,outbound,tcp,OTH,77521288
2023-01-02,outbound,udp,S0,2390142026
2023-01-02,outbound,icmp,OTH,191579823
2023-01-02,inbound,tcp,SHR,30567631
2023-01-02,internal,tcp,RSTOS0,32795
2023-01-03,inbound,tcp,RSTRH,4200880
2023-01-03,outbound,tcp,S0,117926782
2023-01-03,outbound,tcp,S1,3482142
2023-01-03,outbound,tcp,S2,1831787
2023-01-03,outbound,tcp,S3,2144118
2023-01-03,internal,udp,OTH,1393
2023-01-03,inbound,tcp,REJ,25222
2023-01-03,outbound,udp,SF,933290
2023-01-03,outbound,udp,OTH,50119521
2023-01-03,outbound,tcp,SF,30922469
2023-01-03,outbound,tcp,SH,12805576
2023-01-03,inbound,udp,SHR,25090521
2023-01-03,outbound,tcp,RSTO,6173529
2023-01-03,outbound,tcp,RSTR,3012018
2023-01-03,internal,icmp,OTH,2147984
2023-01-03,inbound,tcp,OTH,27676748
2023-01-03,internal,udp,S0,243364
2023-01-03,internal,tcp,S0,595750
2023-01-03,internal,tcp,S1,4019
2023-01-03,inbound,udp,S0,2505180383
2023-01-03,internal,tcp,S2,4336
2023-01-03,internal,tcp,S3,3449
2023-01-03,inbound,tcp,S0,1018606192
2023-01-03,inbound,tcp,S1,373196
2023-01-03,internal,tcp,SHR,44086
2023-01-03,inbound,tcp,S2,351862
2023-01-03,inbound,tcp,S3,231535
2023-01-03,internal,udp,SF,110
2023-01-03,outbound,tcp,SHR,49124554
2023-01-03,internal,tcp,RSTO,5953
2023-01-03,inbound,icmp,OTH,199580972
2023-01-03,internal,tcp,RSTR,16043
2023-01-03,inbound,udp,OTH,56896511
2023-01-03,internal,tcp,SF,205651
2023-01-03,inbound,udp,SF,226465
2023-01-03,internal,tcp,SH,173142
2023-01-03,internal,tcp,REJ,8
2023-01-03,inbound,tcp,SF,14672246
2023-01-03,inbound,tcp,SH,11076199
2023-01-03,outbound,tcp,REJ,17622
2023-01-03,inbound,tcp,RSTO,1802286
2023-01-03,internal,tcp,RSTRH,11840
2023-01-03,internal,udp,SHR,145700
2023-01-03,inbound,tcp,RSTR,692200
2023-01-03,outbound,tcp,RSTOS0,65247245
2023-01-03,outbound,tcp,RSTRH,22651817
2023-01-03,outbound,udp,SHR,100799344
2023-01-03,inbound,tcp,RSTOS0,33382966
2023-01-03,internal,tcp,OTH,525215
2023-01-03,outbound,tcp,OTH,53815556
2023-01-03,outbound,udp,S0,2348401725
2023-01-03,inbound,tcp,SHR,23279505
2023-01-03,outbound,icmp,OTH,160091720
2023-01-03,internal,tcp,RSTOS0,34603
2023-01-04,inbound,tcp,RSTRH,3982884
2023-01-04,outbound,tcp,S0,99658321
2023-01-04,outbound,tcp,S1,2990300
2023-01-04,outbound,tcp,S2,1536976
2023-01-04,outbound,tcp,S3,1924031
2023-01-04,internal,udp,OTH,1250
2023-01-04,inbound,tcp,REJ,9795
2023-01-04,outbound,udp,SF,690203
2023-01-04,outbound,udp,OTH,19306627
2023-01-04,outbound,tcp,SF,26073416
2023-01-04,outbound,tcp,SH,10932476
2023-01-04,inbound,udp,SHR,27520279
2023-01-04,outbound,tcp,RSTO,5240914
2023-01-04,outbound,tcp,RSTR,2539883
2023-01-04,internal,icmp,OTH,1889360
2023-01-04,inbound,tcp,OTH,17315753
2023-01-04,internal,udp,S0,385100
2023-01-04,internal,tcp,S0,534255
2023-01-04,internal,tcp,S1,4617
2023-01-04,inbound,udp,S0,2348117727
2023-01-04,internal,tcp,S2,4242
2023-01-04,internal,tcp,S3,3220
2023-01-04,inbound,tcp,S0,877473236
2023-01-04,inbound,tcp,S1,298652
2023-01-04,internal,tcp,SHR,43390
2023-01-04,inbound,tcp,S2,313649
2023-01-04,inbound,tcp,S3,184306
2023-01-04,internal,udp,SF,560
2023-01-04,outbound,tcp,SHR,39269982
2023-01-04,internal,tcp,RSTO,6441
2023-01-04,inbound,icmp,OTH,174841140
2023-01-04,internal,tcp,RSTR,14457
2023-01-04,inbound,udp,OTH,24855393
2023-01-04,internal,tcp,SF,182455
2023-01-04,inbound,udp,SF,191091
2023-01-04,internal,tcp,SH,157400
2023-01-04,internal,tcp,REJ,10
2023-01-04,inbound,tcp,SF,12183200
2023-01-04,inbound,tcp,SH,9967018
2023-01-04,outbound,tcp,REJ,11819
2023-01-04,inbound,tcp,RSTO,1616252
2023-01-04,internal,tcp,RSTRH,11693
2023-01-04,internal,udp,SHR,131702
2023-01-04,outbound,tcp,RSTOS0,55893838
2023-01-04,inbound,tcp,RSTR,710075
2023-01-04,outbound,tcp,RSTRH,19092127
2023-01-04,outbound,udp,SHR,98504232
2023-01-04,inbound,tcp,RSTOS0,28905149
2023-01-04,internal,tcp,OTH,452432
2023-01-04,outbound,tcp,OTH,64055240
2023-01-04,outbound,udp,S0,2071723117
2023-01-04,inbound,tcp,SHR,18826553
2023-01-04,outbound,icmp,OTH,137881585
2023-01-04,internal,tcp,RSTOS0,36028
2023-01-05,inbound,tcp,RSTRH,3785930
2023-01-05,outbound,tcp,S0,110460157
2023-01-05,outbound,tcp,S1,3847040
2023-01-05,outbound,tcp,S2,2474093
2023-01-05,outbound,tcp,S3,3217122
2023-01-05,internal,udp,OTH,22028
2023-01-05,inbound,tcp,REJ,13729
2023-01-05,outbound,udp,SF,738657
2023-01-05,outbound,udp,OTH,16310941
2023-01-05,outbound,tcp,SF,31029279
2023-01-05,outbound,tcp,SH,11535216
2023-01-05,inbound,udp,SHR,25273771
2023-01-05,outbound,tcp,RSTO,6092044
2023-01-05,outbound,tcp,RSTR,3114944
2023-01-05,internal,icmp,OTH,1874505
2023-01-05,inbound,tcp,OTH,21421447
2023-01-05,internal,udp,S0,3819345
2023-01-05,internal,tcp,S0,559192
2023-01-05,internal,tcp,S1,10529
2023-01-05,inbound,udp,S0,2595401998
2023-01-05,internal,tcp,S2,6512
2023-01-05,internal,tcp,S3,3307
2023-01-05,inbound,tcp,S0,831433377
2023-01-05,internal,tcp,SHR,43728
2023-01-05,inbound,tcp,S1,368100
2023-01-05,inbound,tcp,S2,526941
2023-01-05,inbound,tcp,S3,284712
2023-01-05,internal,udp,SF,2111
2023-01-05,outbound,tcp,SHR,40026540
2023-01-05,internal,tcp,RSTO,23144
2023-01-05,inbound,icmp,OTH,182588377
2023-01-05,internal,tcp,RSTR,15386
2023-01-05,inbound,udp,OTH,20372377
2023-01-05,internal,tcp,SF,176932
2023-01-05,inbound,udp,SF,222243
2023-01-05,internal,tcp,SH,156797
2023-01-05,internal,tcp,REJ,10
2023-01-05,inbound,tcp,SF,12732878
2023-01-05,inbound,tcp,SH,10372801
2023-01-05,outbound,tcp,REJ,12929
2023-01-05,inbound,tcp,RSTO,1881372
2023-01-05,internal,tcp,RSTRH,10893
2023-01-05,internal,udp,SHR,129125
2023-01-05,outbound,tcp,RSTOS0,61265630
2023-01-05,inbound,tcp,RSTR,742136
2023-01-05,outbound,tcp,RSTRH,21670055
2023-01-05,outbound,udp,SHR,150063871
2023-01-05,inbound,tcp,RSTOS0,28741039
2023-01-05,internal,tcp,OTH,437164
2023-01-05,outbound,tcp,OTH,75573282
2023-01-05,outbound,udp,S0,2359004321
2023-01-05,inbound,tcp,SHR,17027993
2023-01-05,outbound,icmp,OTH,137304727
2023-01-05,internal,tcp,RSTOS0,65589
2023-01-06,inbound,tcp,RSTRH,3589710
2023-01-06,outbound,tcp,S0,108661319
2023-01-06,outbound,tcp,S1,3719109
2023-01-06,outbound,tcp,S2,2179206
2023-01-06,outbound,tcp,S3,2666530
2023-01-06,internal,udp,OTH,682
2023-01-06,inbound,tcp,REJ,57992
2023-01-06,outbound,udp,SF,1067578
2023-01-06,outbound,udp,OTH,28685025
2023-01-06,outbound,tcp,SF,29525674
2023-01-06,outbound,tcp,SH,10651343
2023-01-06,inbound,udp,SHR,23357426
2023-01-06,outbound,tcp,RSTO,5619143
2023-01-06,outbound,tcp,RSTR,3027471
2023-01-06,internal,icmp,OTH,1765018
2023-01-06,inbound,tcp,OTH,22045361
2023-01-06,internal,udp,S0,376058
2023-01-06,internal,tcp,S0,461610
2023-01-06,internal,tcp,S1,6756
2023-01-06,inbound,udp,S0,2612407010
2023-01-06,internal,tcp,S2,3594
2023-01-06,internal,tcp,S3,2214
2023-01-06,inbound,tcp,S0,840130140
2023-01-06,inbound,tcp,S1,371422
2023-01-06,internal,tcp,SHR,34473
2023-01-06,inbound,tcp,S2,446199
2023-01-06,inbound,tcp,S3,267844
2023-01-06,internal,udp,SF,2059
2023-01-06,outbound,tcp,SHR,42129676
2023-01-06,internal,tcp,RSTO,13178
2023-01-06,inbound,icmp,OTH,170999557
2023-01-06,internal,tcp,RSTR,9621
2023-01-06,inbound,udp,OTH,38806390
2023-01-06,internal,tcp,SF,152257
2023-01-06,inbound,udp,SF,512109
2023-01-06,internal,tcp,SH,132941
2023-01-06,internal,tcp,REJ,11
2023-01-06,inbound,tcp,SF,11859860
2023-01-06,inbound,tcp,SH,9543573
2023-01-06,outbound,tcp,REJ,15965
2023-01-06,inbound,tcp,RSTO,1711973
2023-01-06,internal,tcp,RSTRH,7389
2023-01-06,internal,udp,SHR,97439
2023-01-06,outbound,tcp,RSTOS0,61556499
2023-01-06,inbound,tcp,RSTR,587586
2023-01-06,outbound,tcp,RSTRH,19791345
2023-01-06,outbound,udp,SHR,121399581
2023-01-06,inbound,tcp,RSTOS0,27024186
2023-01-06,internal,tcp,OTH,390607
2023-01-06,outbound,tcp,OTH,46448685
2023-01-06,outbound,udp,S0,2330456563
2023-01-06,inbound,tcp,SHR,16410545
2023-01-06,outbound,icmp,OTH,128825859
2023-01-06,internal,tcp,RSTOS0,43011
2023-01-07,inbound,tcp,RSTRH,3942927
2023-01-07,outbound,tcp,S0,95171841
2023-01-07,outbound,tcp,S1,2058819
2023-01-07,outbound,tcp,S2,823671
2023-01-07,outbound,tcp,S3,1203724
2023-01-07,internal,udp,OTH,608
2023-01-07,inbound,tcp,REJ,19643
2023-01-07,outbound,udp,SF,538777
2023-01-07,outbound,udp,OTH,15880845
2023-01-07,outbound,tcp,SF,23371283
2023-01-07,outbound,tcp,SH,10127384
2023-01-07,inbound,udp,SHR,38633535
2023-01-07,outbound,tcp,RSTO,4256396
2023-01-07,outbound,tcp,RSTR,2144685
2023-01-07,internal,icmp,OTH,2011504
2023-01-07,inbound,tcp,OTH,26983212
2023-01-07,internal,udp,S0,251384
2023-01-07,internal,tcp,S0,508227
2023-01-07,internal,tcp,S1,5169
2023-01-07,inbound,udp,S0,2604856624
2023-01-07,internal,tcp,S2,1468
2023-01-07,internal,tcp,S3,925
2023-01-07,inbound,tcp,S0,1057053648
2023-01-07,inbound,tcp,S1,237946
2023-01-07,internal,tcp,SHR,29216
2023-01-07,inbound,tcp,S2,158735
2023-01-07,inbound,tcp,S3,114018
2023-01-07,internal,udp,SF,1248
2023-01-07,outbound,tcp,SHR,35927718
2023-01-07,internal,tcp,RSTO,13378
2023-01-07,inbound,icmp,OTH,209612754
2023-01-07,internal,tcp,RSTR,7797
2023-01-07,inbound,udp,OTH,24604368
2023-01-07,internal,tcp,SF,146077
2023-01-07,inbound,udp,SF,140875
2023-01-07,internal,tcp,SH,130537
2023-01-07,internal,tcp,REJ,8
2023-01-07,inbound,tcp,SF,10906071
2023-01-07,inbound,tcp,SH,9561925
2023-01-07,outbound,tcp,REJ,4145
2023-01-07,inbound,tcp,RSTO,1367312
2023-01-07,internal,tcp,RSTRH,5885
2023-01-07,internal,udp,SHR,91576
2023-01-07,outbound,tcp,RSTOS0,57851757
2023-01-07,inbound,tcp,RSTR,696679
2023-01-07,outbound,tcp,RSTRH,18232571
2023-01-07,outbound,udp,SHR,148859553
2023-01-07,inbound,tcp,RSTOS0,30069615
2023-01-07,internal,tcp,OTH,381369
2023-01-07,outbound,tcp,OTH,48692167
2023-01-07,outbound,udp,S0,2253413739
2023-01-07,outbound,icmp,OTH,170129344
2023-01-07,inbound,tcp,SHR,20270901
2023-01-07,internal,tcp,RSTOS0,62321
2023-01-08,inbound,tcp,RSTRH,3650228
2023-01-08,outbound,tcp,S0,90362832
2023-01-08,outbound,tcp,S1,2180120
2023-01-08,outbound,tcp,S2,1027773
2023-01-08,outbound,tcp,S3,1467611
2023-01-08,internal,udp,OTH,359
2023-01-08,inbound,tcp,REJ,11127
2023-01-08,outbound,udp,SF,521816
2023-01-08,outbound,udp,OTH,24763789
2023-01-08,outbound,tcp,SF,22746174
2023-01-08,outbound,tcp,SH,9454018
2023-01-08,inbound,udp,SHR,28079281
2023-01-08,outbound,tcp,RSTO,4461886
2023-01-08,outbound,tcp,RSTR,1952809
2023-01-08,internal,icmp,OTH,1939045
2023-01-08,inbound,tcp,OTH,22984889
2023-01-08,internal,udp,S0,117198
2023-01-08,internal,tcp,S0,480308
2023-01-08,internal,tcp,S1,1014
2023-01-08,inbound,udp,S0,2770084227
2023-01-08,internal,tcp,S2,1050
2023-01-08,internal,tcp,S3,859
2023-01-08,inbound,tcp,S0,982823164
2023-01-08,internal,tcp,SHR,20574
2023-01-08,inbound,tcp,S1,278298
2023-01-08,inbound,tcp,S2,220369
2023-01-08,inbound,tcp,S3,158674
2023-01-08,internal,udp,SF,222
2023-01-08,outbound,tcp,SHR,32105308
2023-01-08,internal,tcp,RSTO,1063
2023-01-08,inbound,icmp,OTH,201192752
2023-01-08,internal,tcp,RSTR,5498
2023-01-08,inbound,udp,OTH,34929034
2023-01-08,internal,tcp,SF,133339
2023-01-08,inbound,udp,SF,163030
2023-01-08,internal,tcp,SH,116640
2023-01-08,internal,tcp,REJ,1
2023-01-08,inbound,tcp,SF,10508704
2023-01-08,inbound,tcp,SH,9419010
2023-01-08,outbound,tcp,REJ,4309
2023-01-08,inbound,tcp,RSTO,1420316
2023-01-08,internal,udp,SHR,61770
2023-01-08,internal,tcp,RSTRH,3355
2023-01-08,outbound,tcp,RSTOS0,59135248
2023-01-08,inbound,tcp,RSTR,640872
2023-01-08,outbound,tcp,RSTRH,16417256
2023-01-08,outbound,udp,SHR,161476042
2023-01-08,inbound,tcp,RSTOS0,26766733
2023-01-08,internal,tcp,OTH,362265
2023-01-08,outbound,tcp,OTH,46016605
2023-01-08,outbound,udp,S0,2409858439
2023-01-08,outbound,icmp,OTH,163881715
2023-01-08,inbound,tcp,SHR,18833503
2023-01-08,internal,tcp,RSTOS0,13433
2023-01-09,inbound,tcp,RSTRH,2632474
2023-01-09,outbound,tcp,S0,120333746
2023-01-09,outbound,tcp,S1,7046344
2023-01-09,outbound,tcp,S2,3142378
2023-01-09,outbound,tcp,S3,3263403
2023-01-09,internal,udp,OTH,425
2023-01-09,inbound,tcp,REJ,29886
2023-01-09,outbound,udp,SF,2022022
2023-01-09,outbound,udp,OTH,43516367
2023-01-09,outbound,tcp,SF,32912062
2023-01-09,outbound,tcp,SH,16403492
2023-01-09,inbound,udp,SHR,18501547
2023-01-09,outbound,tcp,RSTO,7959322
2023-01-09,outbound,tcp,RSTR,3085555
2023-01-09,internal,icmp,OTH,1511377
2023-01-09,inbound,tcp,OTH,19287203
2023-01-09,internal,udp,S0,107600
2023-01-09,internal,tcp,S0,380626
2023-01-09,internal,tcp,S1,2789
2023-01-09,inbound,udp,S0,2118358043
2023-01-09,internal,tcp,S2,2049
2023-01-09,internal,tcp,S3,1085
2023-01-09,inbound,tcp,S0,759342472
2023-01-09,inbound,tcp,S1,468926
2023-01-09,internal,tcp,SHR,22726
2023-01-09,inbound,tcp,S2,472553
2023-01-09,inbound,tcp,S3,235698
2023-01-09,internal,udp,SF,1105
2023-01-09,outbound,tcp,SHR,45227701
2023-01-09,internal,tcp,RSTO,4597
2023-01-09,inbound,icmp,OTH,145129931
2023-01-09,internal,tcp,RSTR,5207
2023-01-09,inbound,udp,OTH,50753364
2023-01-09,internal,tcp,SF,108208
2023-01-09,inbound,udp,SF,608345
2023-01-09,internal,tcp,SH,103151
2023-01-09,internal,tcp,REJ,9
2023-01-09,inbound,tcp,SF,9083905
2023-01-09,inbound,tcp,SH,8127069
2023-01-09,outbound,tcp,REJ,23195
2023-01-09,inbound,tcp,RSTO,1412678
2023-01-09,internal,tcp,RSTRH,3232
2023-01-09,internal,udp,SHR,55875
2023-01-09,outbound,tcp,RSTOS0,73423105
2023-01-09,inbound,tcp,RSTR,433494
2023-01-09,outbound,tcp,RSTRH,24184282
2023-01-09,outbound,udp,SHR,85770683
2023-01-09,inbound,tcp,RSTOS0,21368696
2023-01-09,internal,tcp,OTH,288199
2023-01-09,outbound,tcp,OTH,47944937
2023-01-09,outbound,udp,S0,1969293345
2023-01-09,inbound,tcp,SHR,12519396
2023-01-09,outbound,icmp,OTH,108995593
2023-01-09,internal,tcp,RSTOS0,23915
2023-01-10,inbound,tcp,RSTRH,2811305
2023-01-10,outbound,tcp,S0,109204150
2023-01-10,outbound,tcp,S1,6497194
2023-01-10,outbound,tcp,S2,2912544
2023-01-10,outbound,tcp,S3,3140922
2023-01-10,internal,udp,OTH,3682
2023-01-10,inbound,tcp,REJ,50369
2023-01-10,outbound,udp,SF,1898281
2023-01-10,outbound,udp,OTH,58804251
2023-01-10,outbound,tcp,SF,30508451
2023-01-10,outbound,tcp,SH,14670943
2023-01-10,inbound,udp,SHR,17407605
2023-01-10,outbound,tcp,RSTO,7320578
2023-01-10,outbound,tcp,RSTR,2896451
2023-01-10,internal,icmp,OTH,1217154
2023-01-10,inbound,tcp,OTH,14758189
2023-01-10,internal,udp,S0,236090
2023-01-10,internal,tcp,S0,346706
2023-01-10,internal,tcp,S1,2982
2023-01-10,inbound,udp,S0,1926152671
2023-01-10,internal,tcp,S2,2995
2023-01-10,internal,tcp,S3,1521
2023-01-10,inbound,tcp,S0,575250767
2023-01-10,inbound,tcp,S1,404283
2023-01-10,internal,tcp,SHR,20806
2023-01-10,inbound,tcp,S2,359457
2023-01-10,inbound,tcp,S3,189759
2023-01-10,internal,udp,SF,1503
2023-01-10,outbound,tcp,SHR,41035938
2023-01-10,internal,tcp,RSTO,4908
2023-01-10,inbound,icmp,OTH,137082897
2023-01-10,internal,tcp,RSTR,6097
2023-01-10,inbound,udp,OTH,66652508
2023-01-10,internal,tcp,SF,91263
2023-01-10,inbound,udp,SF,561935
2023-01-10,internal,tcp,SH,87842
2023-01-10,internal,tcp,REJ,12
2023-01-10,inbound,tcp,SF,7552014
2023-01-10,inbound,tcp,SH,7177533
2023-01-10,outbound,tcp,REJ,36558
2023-01-10,inbound,tcp,RSTO,1289955
2023-01-10,internal,tcp,RSTRH,3682
2023-01-10,internal,udp,SHR,57794
2023-01-10,outbound,tcp,RSTOS0,68260423
2023-01-10,inbound,tcp,RSTR,535318
2023-01-10,outbound,tcp,RSTRH,21932065
2023-01-10,outbound,udp,SHR,81936005
2023-01-10,inbound,tcp,RSTOS0,17650077
2023-01-10,internal,tcp,OTH,235342
2023-01-10,outbound,tcp,OTH,46751678
2023-01-10,outbound,udp,S0,1881049589
2023-01-10,inbound,tcp,SHR,10922120
2023-01-10,outbound,icmp,OTH,98917345
2023-01-10,internal,tcp,RSTOS0,23670
2023-01-11,inbound,tcp,RSTRH,2684490
2023-01-11,outbound,tcp,S0,115647370
2023-01-11,outbound,tcp,S1,8171279
2023-01-11,outbound,tcp,S2,3801296
2023-01-11,outbound,tcp,S3,3806035
2023-01-11,internal,udp,OTH,8171
2023-01-11,inbound,tcp,REJ,79811
2023-01-11,outbound,udp,SF,2546466
2023-01-11,outbound,udp,OTH,53121085
2023-01-11,outbound,tcp,SF,33586364
2023-01-11,outbound,tcp,SH,16432617
2023-01-11,inbound,udp,SHR,19877081
2023-01-11,outbound,tcp,RSTO,8034285
2023-01-11,outbound,tcp,RSTR,3245468
2023-01-11,internal,icmp,OTH,1307613
2023-01-11,inbound,tcp,OTH,16034294
2023-01-11,internal,udp,S0,491592
2023-01-11,internal,tcp,S0,317182
2023-01-11,internal,tcp,S1,2159
2023-01-11,inbound,udp,S0,2076730168
2023-01-11,internal,tcp,S2,2760
2023-01-11,internal,tcp,S3,1695
2023-01-11,inbound,tcp,S0,580984625
2023-01-11,internal,tcp,SHR,23174
2023-01-11,inbound,tcp,S1,500168
2023-01-11,inbound,tcp,S2,442670
2023-01-11,inbound,tcp,S3,242242
2023-01-11,internal,udp,SF,1698
2023-01-11,outbound,tcp,SHR,42948490
2023-01-11,internal,tcp,RSTO,1986
2023-01-11,inbound,icmp,OTH,131066860
2023-01-11,internal,tcp,RSTR,4867
2023-01-11,inbound,udp,OTH,58631929
2023-01-11,internal,tcp,SF,90342
2023-01-11,inbound,udp,SF,733717
2023-01-11,internal,tcp,SH,84243
2023-01-11,internal,tcp,REJ,22
2023-01-11,inbound,tcp,SF,7575076
2023-01-11,inbound,tcp,SH,7029637
2023-01-11,outbound,tcp,REJ,55317
2023-01-11,inbound,tcp,RSTO,1397967
2023-01-11,internal,tcp,RSTRH,2969
2023-01-11,internal,udp,SHR,44892
2023-01-11,outbound,tcp,RSTOS0,72989190
2023-01-11,inbound,tcp,RSTR,557001
2023-01-11,outbound,tcp,RSTRH,22615853
2023-01-11,outbound,udp,SHR,87537426
2023-01-11,inbound,tcp,RSTOS0,17803128
2023-01-11,internal,tcp,OTH,233791
2023-01-11,outbound,tcp,OTH,53112379
2023-01-11,outbound,udp,S0,2067097674
2023-01-11,outbound,icmp,OTH,92841523
2023-01-11,inbound,tcp,SHR,10130967
2023-01-11,internal,tcp,RSTOS0,11890
2023-01-12,inbound,tcp,RSTRH,2761747
2023-01-12,outbound,tcp,S0,104960502
2023-01-12,outbound,tcp,S1,6000190
2023-01-12,outbound,tcp,S2,2854762
2023-01-12,outbound,tcp,S3,2907881
2023-01-12,internal,udp,OTH,57973
2023-01-12,inbound,tcp,REJ,43606
2023-01-12,outbound,udp,SF,1892098
2023-01-12,outbound,udp,OTH,37800596
2023-01-12,outbound,tcp,SF,29603213
2023-01-12,outbound,tcp,SH,14098301
2023-01-12,inbound,udp,SHR,22023833
2023-01-12,outbound,tcp,RSTO,7022710
2023-01-12,outbound,tcp,RSTR,2728588
2023-01-12,internal,icmp,OTH,1220157
2023-01-12,inbound,tcp,OTH,14300702
2023-01-12,internal,udp,S0,1712778
2023-01-12,internal,tcp,S0,330471
2023-01-12,internal,tcp,S1,2372
2023-01-12,inbound,udp,S0,1986104466
2023-01-12,internal,tcp,S2,2376
2023-01-12,internal,tcp,S3,1454
2023-01-12,inbound,tcp,S0,784241169
2023-01-12,inbound,tcp,S1,420506
2023-01-12,internal,tcp,SHR,22525
2023-01-12,inbound,tcp,S2,353437
2023-01-12,inbound,tcp,S3,191634
2023-01-12,internal,udp,SF,997
2023-01-12,outbound,tcp,SHR,42031314
2023-01-12,internal,tcp,RSTO,2853
2023-01-12,inbound,icmp,OTH,137655801
2023-01-12,internal,tcp,RSTR,6281
2023-01-12,inbound,udp,OTH,37677956
2023-01-12,internal,tcp,SF,96598
2023-01-12,inbound,udp,SF,547651
2023-01-12,internal,tcp,SH,90619
2023-01-12,internal,tcp,REJ,6
2023-01-12,inbound,tcp,SF,7625956
2023-01-12,inbound,tcp,SH,7601625
2023-01-12,outbound,tcp,REJ,35927
2023-01-12,inbound,tcp,RSTO,1466328
2023-01-12,internal,tcp,RSTRH,3779
2023-01-12,internal,udp,SHR,54203
2023-01-12,outbound,tcp,RSTOS0,65232868
2023-01-12,inbound,tcp,RSTR,502322
2023-01-12,outbound,tcp,RSTRH,20994444
2023-01-12,outbound,udp,SHR,81122663
2023-01-12,inbound,tcp,RSTOS0,18557489
2023-01-12,internal,tcp,OTH,249111
2023-01-12,outbound,tcp,OTH,42744053
2023-01-12,outbound,udp,S0,1986499497
2023-01-12,outbound,icmp,OTH,99101832
2023-01-12,inbound,tcp,SHR,11898020
2023-01-12,internal,tcp,RSTOS0,16449
2023-01-13,inbound,tcp,RSTRH,3984564
2023-01-13,outbound,tcp,S0,114718032
2023-01-13,outbound,tcp,S1,6669846
2023-01-13,outbound,tcp,S2,3009427
2023-01-13,outbound,tcp,S3,3127961
2023-01-13,internal,udp,OTH,39719
2023-01-13,inbound,tcp,REJ,52600
2023-01-13,outbound,udp,SF,2422108
2023-01-13,outbound,udp,OTH,50277297
2023-01-13,outbound,tcp,SF,32259992
2023-01-13,outbound,tcp,SH,15496565
2023-01-13,inbound,udp,SHR,27056638
2023-01-13,outbound,tcp,RSTO,7512284
2023-01-13,outbound,tcp,RSTR,3018087
2023-01-13,internal,icmp,OTH,1196844
2023-01-13,inbound,tcp,OTH,16125279
2023-01-13,internal,udp,S0,2196823
2023-01-13,internal,tcp,S0,359468
2023-01-13,internal,tcp,S1,3885
2023-01-13,inbound,udp,S0,2360337761
2023-01-13,internal,tcp,S2,2972
2023-01-13,internal,tcp,S3,1661
2023-01-13,inbound,tcp,S0,1101998201
2023-01-13,inbound,tcp,S1,473634
2023-01-13,internal,tcp,SHR,26573
2023-01-13,inbound,tcp,S2,411626
2023-01-13,inbound,tcp,S3,227161
2023-01-13,internal,udp,SF,3120
2023-01-13,outbound,tcp,SHR,47066864
2023-01-13,internal,tcp,RSTO,7138
2023-01-13,inbound,icmp,OTH,150193142
2023-01-13,internal,tcp,RSTR,7082
2023-01-13,inbound,udp,OTH,63177999
2023-01-13,internal,tcp,SF,111135
2023-01-13,inbound,udp,SF,614467
2023-01-13,internal,tcp,SH,103105
2023-01-13,internal,tcp,REJ,12
2023-01-13,inbound,tcp,SF,8954220
2023-01-13,inbound,tcp,SH,7541850
2023-01-13,outbound,tcp,REJ,37562
2023-01-13,inbound,tcp,RSTO,1637689
2023-01-13,internal,tcp,RSTRH,4584
2023-01-13,internal,udp,SHR,74111
2023-01-13,outbound,tcp,RSTOS0,71702073
2023-01-13,inbound,tcp,RSTR,784836
2023-01-13,outbound,tcp,RSTRH,23955084
2023-01-13,outbound,udp,SHR,125487527
2023-01-13,inbound,tcp,RSTOS0,21686787
2023-01-13,internal,tcp,OTH,282007
2023-01-13,outbound,tcp,OTH,50420109
2023-01-13,outbound,udp,S0,2155288102
2023-01-13,outbound,icmp,OTH,109128824
2023-01-13,inbound,tcp,SHR,14287931
2023-01-13,internal,tcp,RSTOS0,36171
2023-01-14,inbound,tcp,RSTRH,3772976
2023-01-14,outbound,tcp,S0,75670321
2023-01-14,outbound,tcp,S1,2470046
2023-01-14,outbound,tcp,S2,837426
2023-01-14,outbound,tcp,S3,1173682
2023-01-14,internal,udp,OTH,1023
2023-01-14,inbound,tcp,REJ,83369
2023-01-14,outbound,udp,SF,969530
2023-01-14,outbound,udp,OTH,62681977
2023-01-14,outbound,tcp,SF,19808023
2023-01-14,outbound,tcp,SH,9095936
2023-01-14,inbound,udp,SHR,23130490
2023-01-14,outbound,tcp,RSTO,3869577
2023-01-14,outbound,tcp,RSTR,1549681
2023-01-14,internal,icmp,OTH,1307185
2023-01-14,inbound,tcp,OTH,16565422
2023-01-14,internal,udp,S0,137853
2023-01-14,internal,tcp,S0,377714
2023-01-14,internal,tcp,S1,1329
2023-01-14,inbound,udp,S0,2584519570
2023-01-14,internal,tcp,S2,1019
2023-01-14,internal,tcp,S3,829
2023-01-14,inbound,tcp,S0,844539879
2023-01-14,inbound,tcp,S1,285693
2023-01-14,internal,tcp,SHR,20812
2023-01-14,inbound,tcp,S2,145314
2023-01-14,inbound,tcp,S3,106836
2023-01-14,internal,udp,SF,631
2023-01-14,outbound,tcp,SHR,29582747
2023-01-14,internal,tcp,RSTO,2036
2023-01-14,inbound,icmp,OTH,162520418
2023-01-14,internal,tcp,RSTR,6995
2023-01-14,inbound,udp,OTH,78193030
2023-01-14,internal,tcp,SF,122106
2023-01-14,inbound,udp,SF,305900
2023-01-14,internal,tcp,SH,104261
2023-01-14,inbound,tcp,SF,7574615
2023-01-14,inbound,tcp,SH,7923452
2023-01-14,outbound,tcp,REJ,10215
2023-01-14,inbound,tcp,RSTO,1215673
2023-01-14,internal,tcp,RSTRH,4326
2023-01-14,internal,udp,SHR,65258
2023-01-14,outbound,tcp,RSTOS0,47920106
2023-01-14,inbound,tcp,RSTR,559955
2023-01-14,outbound,tcp,RSTRH,15076021
2023-01-14,outbound,udp,SHR,160494145
2023-01-14,inbound,tcp,RSTOS0,17629689
2023-01-14,internal,tcp,OTH,325581
2023-01-14,outbound,tcp,OTH,43271819
2023-01-14,outbound,udp,S0,2322144731
2023-01-14,inbound,tcp,SHR,16083638
2023-01-14,outbound,icmp,OTH,126215604
2023-01-14,internal,tcp,RSTOS0,18429
2023-01-15,inbound,tcp,RSTRH,3210551
2023-01-15,outbound,tcp,S0,81494217
2023-01-15,outbound,tcp,S1,2619597
2023-01-15,outbound,tcp,S2,1108030
2023-01-15,outbound,tcp,S3,1524556
2023-01-15,internal,udp,OTH,858
2023-01-15,inbound,tcp,REJ,12336
2023-01-15,outbound,udp,SF,717774
2023-01-15,outbound,udp,OTH,40868634
2023-01-15,outbound,tcp,SF,22037188
2023-01-15,outbound,tcp,SH,8920755
2023-01-15,inbound,udp,SHR,22718709
2023-01-15,outbound,tcp,RSTO,4089327
2023-01-15,outbound,tcp,RSTR,1620704
2023-01-15,internal,icmp,OTH,1358030
2023-01-15,inbound,tcp,OTH,15942289
2023-01-15,internal,udp,S0,113501
2023-01-15,internal,tcp,S0,377461
2023-01-15,internal,tcp,S1,1044
2023-01-15,inbound,udp,S0,2524362622
2023-01-15,internal,tcp,S2,1176
2023-01-15,internal,tcp,S3,889
2023-01-15,inbound,tcp,S0,799408118
2023-01-15,internal,tcp,SHR,19644
2023-01-15,inbound,tcp,S1,289853
2023-01-15,inbound,tcp,S2,174493
2023-01-15,inbound,tcp,S3,122400
2023-01-15,internal,udp,SF,193
2023-01-15,outbound,tcp,SHR,30999739
2023-01-15,internal,tcp,RSTO,1543
2023-01-15,inbound,icmp,OTH,171434088
2023-01-15,internal,tcp,RSTR,6545
2023-01-15,inbound,udp,OTH,55657716
2023-01-15,internal,tcp,SF,115406
2023-01-15,inbound,udp,SF,319010
2023-01-15,internal,tcp,SH,99474
2023-01-15,internal,tcp,REJ,4
2023-01-15,inbound,tcp,SF,7985369
2023-01-15,inbound,tcp,SH,7808637
2023-01-15,outbound,tcp,REJ,5649
2023-01-15,inbound,tcp,RSTO,1203360
2023-01-15,internal,tcp,RSTRH,4207
2023-01-15,internal,udp,SHR,64169
2023-01-15,outbound,tcp,RSTOS0,52615400
2023-01-15,inbound,tcp,RSTR,632199
2023-01-15,outbound,tcp,RSTRH,14627519
2023-01-15,outbound,udp,SHR,103826374
2023-01-15,inbound,tcp,RSTOS0,18442422
2023-01-15,internal,tcp,OTH,309473
2023-01-15,outbound,tcp,OTH,41310338
2023-01-15,outbound,udp,S0,2309902128
2023-01-15,inbound,tcp,SHR,16773156
2023-01-15,outbound,icmp,OTH,134436517
2023-01-15,internal,tcp,RSTOS0,13103
2023-01-16,inbound,tcp,RSTRH,2377369
2023-01-16,outbound,tcp,S0,110441870
2023-01-16,outbound,tcp,S1,6602912
2023-01-16,outbound,tcp,S2,3050857
2023-01-16,outbound,tcp,S3,2986367
2023-01-16,internal,udp,OTH,11547
2023-01-16,inbound,tcp,REJ,21040
2023-01-16,outbound,udp,SF,1552675
2023-01-16,outbound,udp,OTH,31439790
2023-01-16,outbound,tcp,SF,30788229
2023-01-16,outbound,tcp,SH,15351526
2023-01-16,inbound,udp,SHR,15800753
2023-01-16,outbound,tcp,RSTO,7400226
2023-01-16,outbound,tcp,RSTR,2841855
2023-01-16,internal,icmp,OTH,1233096
2023-01-16,inbound,tcp,OTH,14936980
2023-01-16,internal,udp,S0,1296722
2023-01-16,internal,tcp,S0,354483
2023-01-16,internal,tcp,S1,3404
2023-01-16,inbound,udp,S0,2217802118
2023-01-16,internal,tcp,S2,3463
2023-01-16,internal,tcp,S3,1826
2023-01-16,inbound,tcp,S0,611055892
2023-01-16,inbound,tcp,S1,393811
2023-01-16,internal,tcp,SHR,28059
2023-01-16,inbound,tcp,S2,362876
2023-01-16,inbound,tcp,S3,194681
2023-01-16,internal,udp,SF,972
2023-01-16,outbound,tcp,SHR,41497710
2023-01-16,internal,tcp,RSTO,5621
2023-01-16,inbound,icmp,OTH,137626029
2023-01-16,internal,tcp,RSTR,8617
2023-01-16,inbound,udp,OTH,39169170
2023-01-16,internal,tcp,SF,111404
2023-01-16,inbound,udp,SF,532910
2023-01-16,internal,tcp,SH,101090
2023-01-16,internal,tcp,REJ,8
2023-01-16,inbound,tcp,SF,7236325
2023-01-16,inbound,tcp,SH,6895892
2023-01-16,outbound,tcp,REJ,26838
2023-01-16,inbound,tcp,RSTO,1292409
2023-01-16,internal,tcp,RSTRH,5175
2023-01-16,internal,udp,SHR,71382
2023-01-16,inbound,tcp,RSTR,451956
2023-01-16,outbound,tcp,RSTOS0,68452351
2023-01-16,outbound,tcp,RSTRH,22105604
2023-01-16,outbound,udp,SHR,137697284
2023-01-16,inbound,tcp,RSTOS0,16056143
2023-01-16,internal,tcp,OTH,282421
2023-01-16,outbound,tcp,OTH,45195555
2023-01-16,outbound,udp,S0,2095434888
2023-01-16,inbound,tcp,SHR,12546581
2023-01-16,outbound,icmp,OTH,101703548
2023-01-16,internal,tcp,RSTOS0,26250
2023-01-17,inbound,tcp,RSTRH,2546427
2023-01-17,outbound,tcp,S0,107799301
2023-01-17,outbound,tcp,S1,7127978
2023-01-17,outbound,tcp,S2,3162601
2023-01-17,outbound,tcp,S3,3044015
2023-01-17,internal,udp,OTH,4608
2023-01-17,inbound,tcp,REJ,83732
2023-01-17,outbound,udp,SF,1984210
2023-01-17,outbound,udp,OTH,30588408
2023-01-17,outbound,tcp,SF,31408463
2023-01-17,outbound,tcp,SH,15158665
2023-01-17,inbound,udp,SHR,12873020
2023-01-17,outbound,tcp,RSTO,7483885
2023-01-17,outbound,tcp,RSTR,3097288
2023-01-17,internal,icmp,OTH,1076958
2023-01-17,inbound,tcp,OTH,12508925
2023-01-17,internal,udp,S0,708772
2023-01-17,internal,tcp,S0,339273
2023-01-17,internal,tcp,S1,3218
2023-01-17,inbound,udp,S0,1677360992
2023-01-17,internal,tcp,S2,2270
2023-01-17,internal,tcp,S3,1341
2023-01-17,inbound,tcp,S0,875827269
2023-01-17,inbound,tcp,S1,392017
2023-01-17,internal,tcp,SHR,28116
2023-01-17,inbound,tcp,S2,287016
2023-01-17,inbound,tcp,S3,154334
2023-01-17,internal,udp,SF,1825
2023-01-17,outbound,tcp,SHR,39229415
2023-01-17,internal,tcp,RSTO,4367
2023-01-17,inbound,icmp,OTH,121587224
2023-01-17,internal,tcp,RSTR,8798
2023-01-17,inbound,udp,OTH,32814282
2023-01-17,internal,tcp,SF,116742
2023-01-17,inbound,udp,SF,543177
2023-01-17,internal,tcp,SH,109552
2023-01-17,inbound,tcp,SF,5629035
2023-01-17,inbound,tcp,SH,5603490
2023-01-17,outbound,tcp,REJ,63470
2023-01-17,inbound,tcp,RSTO,1051040
2023-01-17,internal,tcp,RSTRH,6000
2023-01-17,internal,udp,SHR,68495
2023-01-17,outbound,tcp,RSTOS0,64530435
2023-01-17,inbound,tcp,RSTR,474257
2023-01-17,outbound,tcp,RSTRH,22217145
2023-01-17,outbound,udp,SHR,117325010
2023-01-17,inbound,tcp,RSTOS0,13624071
2023-01-17,internal,tcp,OTH,310560
2023-01-17,outbound,tcp,OTH,42835757
2023-01-17,outbound,udp,S0,1602294797
2023-01-17,inbound,tcp,SHR,10945880
2023-01-17,outbound,icmp,OTH,88427560
2023-01-17,internal,tcp,RSTOS0,23169
2023-01-18,inbound,tcp,RSTRH,2290536
2023-01-18,outbound,tcp,S0,111051598
2023-01-18,outbound,tcp,S1,7034280
2023-01-18,outbound,tcp,S2,2976767
2023-01-18,outbound,tcp,S3,2952439
2023-01-18,internal,udp,OTH,435
2023-01-18,inbound,tcp,REJ,29601
2023-01-18,outbound,udp,SF,1746940
2023-01-18,outbound,udp,OTH,25014633
2023-01-18,outbound,tcp,SF,31202616
2023-01-18,outbound,tcp,SH,15786522
2023-01-18,inbound,udp,SHR,11666266
2023-01-18,outbound,tcp,RSTO,7369465
2023-01-18,outbound,tcp,RSTR,2862104
2023-01-18,internal,icmp,OTH,1159296
2023-01-18,inbound,tcp,OTH,11208003
2023-01-18,internal,udp,S0,291710
2023-01-18,internal,tcp,S0,383520
2023-01-18,internal,tcp,S1,2256
2023-01-18,inbound,udp,S0,2029977366
2023-01-18,internal,tcp,S2,2251
2023-01-18,internal,tcp,S3,1339
2023-01-18,inbound,tcp,S0,867185525
2023-01-18,inbound,tcp,S1,369192
2023-01-18,internal,tcp,SHR,25372
2023-01-18,inbound,tcp,S2,306318
2023-01-18,inbound,tcp,S3,164570
2023-01-18,internal,udp,SF,753
2023-01-18,outbound,tcp,SHR,41213287
2023-01-18,internal,tcp,RSTO,2451
2023-01-18,inbound,icmp,OTH,131783476
2023-01-18,internal,tcp,RSTR,8526
2023-01-18,inbound,udp,OTH,24706132
2023-01-18,internal,tcp,SF,115694
2023-01-18,inbound,udp,SF,473893
2023-01-18,internal,tcp,SH,109433
2023-01-18,internal,tcp,REJ,11
2023-01-18,inbound,tcp,SF,6235765
2023-01-18,inbound,tcp,SH,6177556
2023-01-18,outbound,tcp,REJ,30177
2023-01-18,inbound,tcp,RSTO,1194021
2023-01-18,internal,tcp,RSTRH,5318
2023-01-18,internal,udp,SHR,63575
2023-01-18,outbound,tcp,RSTOS0,67644083
2023-01-18,inbound,tcp,RSTR,453629
2023-01-18,outbound,tcp,RSTRH,22546676
2023-01-18,outbound,udp,SHR,98431802
2023-01-18,inbound,tcp,RSTOS0,14440658
2023-01-18,internal,tcp,OTH,302601
2023-01-18,outbound,tcp,OTH,53693568
2023-01-18,outbound,udp,S0,1971369439
2023-01-18,inbound,tcp,SHR,11729854
2023-01-18,outbound,icmp,OTH,94355854
2023-01-18,internal,tcp,RSTOS0,17827
2023-01-19,inbound,tcp,RSTRH,2322327
2023-01-19,outbound,tcp,S0,115290085
2023-01-19,outbound,tcp,S1,8188735
2023-01-19,outbound,tcp,S2,3444160
2023-01-19,outbound,tcp,S3,3266677
2023-01-19,internal,udp,OTH,1277
2023-01-19,inbound,tcp,REJ,54338
2023-01-19,outbound,udp,SF,2280551
2023-01-19,outbound,udp,OTH,74407271
2023-01-19,outbound,tcp,SF,33272416
2023-01-19,outbound,tcp,SH,16871129
2023-01-19,inbound,udp,SHR,13033174
2023-01-19,outbound,tcp,RSTO,8045526
2023-01-19,outbound,tcp,RSTR,3124574
2023-01-19,internal,icmp,OTH,1206886
2023-01-19,inbound,tcp,OTH,14018382
2023-01-19,internal,udp,S0,194603
2023-01-19,internal,tcp,S0,349980
2023-01-19,internal,tcp,S1,2886
2023-01-19,inbound,udp,S0,2139974266
2023-01-19,internal,tcp,S2,2782
2023-01-19,internal,tcp,S3,1987
2023-01-19,inbound,tcp,S0,763328428
2023-01-19,inbound,tcp,S1,446071
2023-01-19,internal,tcp,SHR,26653
2023-01-19,inbound,tcp,S2,356488
2023-01-19,inbound,tcp,S3,199263
2023-01-19,internal,udp,SF,1558
2023-01-19,outbound,tcp,SHR,43452526
2023-01-19,internal,tcp,RSTO,2809
2023-01-19,inbound,icmp,OTH,133438616
2023-01-19,internal,tcp,RSTR,8902
2023-01-19,inbound,udp,OTH,80202691
2023-01-19,internal,tcp,SF,116507
2023-01-19,inbound,udp,SF,658710
2023-01-19,internal,tcp,SH,105466
2023-01-19,internal,tcp,REJ,26
2023-01-19,inbound,tcp,SF,6968969
2023-01-19,inbound,tcp,SH,6500007
2023-01-19,outbound,tcp,REJ,61428
2023-01-19,inbound,tcp,RSTO,1172340
2023-01-19,internal,tcp,RSTRH,5475
2023-01-19,internal,udp,SHR,66130
2023-01-19,outbound,tcp,RSTOS0,70556886
2023-01-19,inbound,tcp,RSTR,481313
2023-01-19,outbound,tcp,RSTRH,23069112
2023-01-19,outbound,udp,SHR,90693603
2023-01-19,inbound,tcp,RSTOS0,15142347
2023-01-19,internal,tcp,OTH,304113
2023-01-19,outbound,tcp,OTH,49482726
2023-01-19,outbound,udp,S0,2120415266
2023-01-19,outbound,icmp,OTH,96158428
2023-01-19,inbound,tcp,SHR,12288134
2023-01-19,internal,tcp,RSTOS0,19066
2023-01-20,inbound,tcp,RSTRH,2165137
2023-01-20,outbound,tcp,S0,103143812
2023-01-20,outbound,tcp,S1,6392782
2023-01-20,outbound,tcp,S2,2492123
2023-01-20,outbound,tcp,S3,2633907
2023-01-20,internal,udp,OTH,1217
2023-01-20,inbound,tcp,REJ,18479
2023-01-20,outbound,udp,SF,1561004
2023-01-20,outbound,udp,OTH,33115318
2023-01-20,outbound,tcp,SF,28697904
2023-01-20,outbound,tcp,SH,14143521
2023-01-20,inbound,udp,SHR,15398870
2023-01-20,outbound,tcp,RSTO,6624196
2023-01-20,outbound,tcp,RSTR,2560101
2023-01-20,internal,icmp,OTH,1203905
2023-01-20,inbound,tcp,OTH,13945500
2023-01-20,internal,udp,S0,111096
2023-01-20,internal,tcp,S0,333026
2023-01-20,internal,tcp,S1,2136
2023-01-20,inbound,udp,S0,2014700729
2023-01-20,internal,tcp,S2,2115
2023-01-20,internal,tcp,S3,1146
2023-01-20,inbound,tcp,S0,724312451
2023-01-20,internal,tcp,SHR,23924
2023-01-20,inbound,tcp,S1,356096
2023-01-20,inbound,tcp,S2,279365
2023-01-20,inbound,tcp,S3,153944
2023-01-20,internal,udp,SF,881
2023-01-20,outbound,tcp,SHR,38276543
2023-01-20,internal,tcp,RSTO,2249
2023-01-20,inbound,icmp,OTH,135148059
2023-01-20,internal,tcp,RSTR,7511
2023-01-20,inbound,udp,OTH,39930538
2023-01-20,internal,tcp,SF,104718
2023-01-20,inbound,udp,SF,452235
2023-01-20,internal,tcp,SH,96977
2023-01-20,internal,tcp,REJ,10
2023-01-20,inbound,tcp,SF,7340807
2023-01-20,inbound,tcp,SH,6041561
2023-01-20,outbound,tcp,REJ,32956
2023-01-20,inbound,tcp,RSTO,1087891
2023-01-20,internal,tcp,RSTRH,4661
2023-01-20,internal,udp,SHR,64447
2023-01-20,outbound,tcp,RSTOS0,63476350
2023-01-20,inbound,tcp,RSTR,338652
2023-01-20,outbound,tcp,RSTRH,21113821
2023-01-20,outbound,udp,SHR,99033452
2023-01-20,inbound,tcp,RSTOS0,17977977
2023-01-20,internal,tcp,OTH,271887
2023-01-20,outbound,tcp,OTH,42259723
2023-01-20,outbound,udp,S0,1945305610
2023-01-20,inbound,tcp,SHR,12763287
2023-01-20,outbound,icmp,OTH,98500983
2023-01-20,internal,tcp,RSTOS0,20227
2023-01-21,inbound,tcp,RSTRH,2658136
2023-01-21,outbound,tcp,S0,77587153
2023-01-21,outbound,tcp,S1,2574436
2023-01-21,outbound,tcp,S2,917291
2023-01-21,outbound,tcp,S3,1282528
2023-01-21,internal,udp,OTH,2020
2023-01-21,inbound,tcp,REJ,13180
2023-01-21,outbound,udp,SF,800483
2023-01-21,outbound,udp,OTH,102622024
2023-01-21,outbound,tcp,SF,20586033
2023-01-21,outbound,tcp,SH,8958714
2023-01-21,inbound,udp,SHR,16722322
2023-01-21,outbound,tcp,RSTO,4192743
2023-01-21,outbound,tcp,RSTR,1673679
2023-01-21,internal,icmp,OTH,1347644
2023-01-21,inbound,tcp,OTH,17002570
2023-01-21,internal,udp,S0,117427
2023-01-21,internal,tcp,S0,406537
2023-01-21,internal,tcp,S1,1265
2023-01-21,inbound,udp,S0,2482717490
2023-01-21,internal,tcp,S2,1126
2023-01-21,internal,tcp,S3,864
2023-01-21,inbound,tcp,S0,885546703
2023-01-21,inbound,tcp,S1,242407
2023-01-21,internal,tcp,SHR,22013
2023-01-21,inbound,tcp,S2,143629
2023-01-21,inbound,tcp,S3,103711
2023-01-21,internal,udp,SF,481
2023-01-21,outbound,tcp,SHR,30254413
2023-01-21,internal,tcp,RSTO,1600
2023-01-21,inbound,icmp,OTH,158492995
2023-01-21,internal,tcp,RSTR,8943
2023-01-21,inbound,udp,OTH,144268870
2023-01-21,internal,tcp,SF,122987
2023-01-21,inbound,udp,SF,229354
2023-01-21,internal,tcp,SH,104668
2023-01-21,inbound,tcp,SF,7330002
2023-01-21,inbound,tcp,SH,7390059
2023-01-21,outbound,tcp,REJ,8525
2023-01-21,inbound,tcp,RSTO,1343815
2023-01-21,internal,tcp,RSTRH,5779
2023-01-21,internal,udp,SHR,70589
2023-01-21,outbound,tcp,RSTOS0,53222047
2023-01-21,inbound,tcp,RSTR,542441
2023-01-21,outbound,tcp,RSTRH,15577377
2023-01-21,outbound,udp,SHR,91985227
2023-01-21,inbound,tcp,RSTOS0,20540380
2023-01-21,internal,tcp,OTH,329902
2023-01-21,outbound,tcp,OTH,38041376
2023-01-21,outbound,udp,S0,2208645420
2023-01-21,inbound,tcp,SHR,15719048
2023-01-21,outbound,icmp,OTH,118481284
2023-01-21,internal,tcp,RSTOS0,17559
2023-01-22,inbound,tcp,RSTRH,2507442
2023-01-22,outbound,tcp,S0,76069421
2023-01-22,outbound,tcp,S1,2769488
2023-01-22,outbound,tcp,S2,895938
2023-01-22,outbound,tcp,S3,1284424
2023-01-22,internal,udp,OTH,1500
2023-01-22,inbound,tcp,REJ,70790
2023-01-22,outbound,udp,SF,1292289
2023-01-22,outbound,udp,OTH,102404130
2023-01-22,outbound,tcp,SF,20719754
2023-01-22,outbound,tcp,SH,8913460
2023-01-22,inbound,udp,SHR,25186895
2023-01-22,outbound,tcp,RSTO,4149104
2023-01-22,outbound,tcp,RSTR,1664184
2023-01-22,internal,icmp,OTH,1272895
2023-01-22,inbound,tcp,OTH,20894945
2023-01-22,internal,udp,S0,113052
2023-01-22,internal,tcp,S0,372763
2023-01-22,internal,tcp,S1,1238
2023-01-22,inbound,udp,S0,2255481739
2023-01-22,internal,tcp,S2,1130
2023-01-22,internal,tcp,S3,831
2023-01-22,inbound,tcp,S0,826314964
2023-01-22,inbound,tcp,S1,293163
2023-01-22,internal,tcp,SHR,20073
2023-01-22,inbound,tcp,S2,173930
2023-01-22,inbound,tcp,S3,122661
2023-01-22,internal,udp,SF,1088
2023-01-22,outbound,tcp,SHR,30574787
2023-01-22,internal,tcp,RSTO,1199
2023-01-22,inbound,icmp,OTH,160079474
2023-01-22,internal,tcp,RSTR,8582
2023-01-22,inbound,udp,OTH,123555963
2023-01-22,internal,tcp,SF,109880
2023-01-22,inbound,udp,SF,382798
2023-01-22,internal,tcp,SH,96198
2023-01-22,internal,tcp,REJ,4
2023-01-22,inbound,tcp,SF,7348564
2023-01-22,inbound,tcp,SH,7494253
2023-01-22,outbound,tcp,REJ,20582
2023-01-22,inbound,tcp,RSTO,1094163
2023-01-22,internal,tcp,RSTRH,5773
2023-01-22,internal,udp,SHR,66386
2023-01-22,outbound,tcp,RSTOS0,53671863
2023-01-22,inbound,tcp,RSTR,461196
2023-01-22,outbound,tcp,RSTRH,14584628
2023-01-22,outbound,udp,SHR,144335454
2023-01-22,inbound,tcp,RSTOS0,20808070
2023-01-22,internal,tcp,OTH,297958
2023-01-22,outbound,tcp,OTH,43421611
2023-01-22,outbound,udp,S0,2080027020
2023-01-22,inbound,tcp,SHR,15807539
2023-01-22,outbound,icmp,OTH,126778519
2023-01-22,internal,tcp,RSTOS0,16931
2023-01-23,inbound,tcp,RSTRH,2090292
2023-01-23,outbound,tcp,S0,125826364
2023-01-23,outbound,tcp,S1,9544302
2023-01-23,outbound,tcp,S2,3960106
2023-01-23,outbound,tcp,S3,3757012
2023-01-23,internal,udp,OTH,2347
2023-01-23,inbound,tcp,REJ,71023
2023-01-23,outbound,udp,SF,2510001
2023-01-23,outbound,udp,OTH,97832610
2023-01-23,outbound,tcp,SF,37460900
2023-01-23,outbound,tcp,SH,18435397
2023-01-23,inbound,udp,SHR,12238604
2023-01-23,outbound,tcp,RSTO,9010525
2023-01-23,outbound,tcp,RSTR,3463000
2023-01-23,internal,icmp,OTH,1086926
2023-01-23,inbound,tcp,OTH,21232177
2023-01-23,internal,udp,S0,591775
2023-01-23,internal,tcp,S0,364135
2023-01-23,internal,tcp,S1,4971
2023-01-23,inbound,udp,S0,1969075443
2023-01-23,internal,tcp,S2,5577
2023-01-23,internal,tcp,S3,2978
2023-01-23,inbound,tcp,S0,824209250
2023-01-23,inbound,tcp,S1,513811
2023-01-23,internal,tcp,SHR,28536
2023-01-23,inbound,tcp,S2,432219
2023-01-23,inbound,tcp,S3,236954
2023-01-23,internal,udp,SF,2230
2023-01-23,outbound,tcp,SHR,45096584
2023-01-23,internal,tcp,RSTO,5189
2023-01-23,inbound,icmp,OTH,135022992
2023-01-23,internal,tcp,RSTR,8891
2023-01-23,inbound,udp,OTH,106665702
2023-01-23,internal,tcp,SF,114169
2023-01-23,inbound,udp,SF,619387
2023-01-23,internal,tcp,SH,105939
2023-01-23,internal,tcp,REJ,19
2023-01-23,inbound,tcp,SF,7917091
2023-01-23,inbound,tcp,SH,7317271
2023-01-23,outbound,tcp,REJ,92031
2023-01-23,inbound,tcp,RSTO,1322489
2023-01-23,internal,tcp,RSTRH,5544
2023-01-23,internal,udp,SHR,72824
2023-01-23,outbound,tcp,RSTOS0,76977844
2023-01-23,inbound,tcp,RSTR,371367
2023-01-23,outbound,tcp,RSTRH,25196160
2023-01-23,outbound,udp,SHR,113803134
2023-01-23,inbound,tcp,RSTOS0,17922807
2023-01-23,internal,tcp,OTH,290299
2023-01-23,outbound,tcp,OTH,66198659
2023-01-23,outbound,udp,S0,1981978311
2023-01-23,inbound,tcp,SHR,12788369
2023-01-23,outbound,icmp,OTH,98059106
2023-01-23,internal,tcp,RSTOS0,27516
2023-01-24,inbound,tcp,RSTRH,2202090
2023-01-24,outbound,tcp,S0,123037294
2023-01-24,outbound,tcp,S1,8287193
2023-01-24,outbound,tcp,S2,3404318
2023-01-24,outbound,tcp,S3,3408613
2023-01-24,internal,udp,OTH,21758
2023-01-24,inbound,tcp,REJ,102733
2023-01-24,outbound,udp,SF,2370180
2023-01-24,outbound,udp,OTH,97093014
2023-01-24,outbound,tcp,SF,35090379
2023-01-24,outbound,tcp,SH,17805362
2023-01-24,inbound,udp,SHR,12936945
2023-01-24,outbound,tcp,RSTO,8211158
2023-01-24,outbound,tcp,RSTR,3315460
2023-01-24,internal,icmp,OTH,1200001
2023-01-24,inbound,tcp,OTH,19825410
2023-01-24,internal,udp,S0,1039868
2023-01-24,internal,tcp,S0,398295
2023-01-24,internal,tcp,S1,3808
2023-01-24,inbound,udp,S0,2569580673
2023-01-24,internal,tcp,S2,4344
2023-01-24,internal,tcp,S3,2470
2023-01-24,inbound,tcp,S0,695368262
2023-01-24,inbound,tcp,S1,816898
2023-01-24,internal,tcp,SHR,29020
2023-01-24,inbound,tcp,S2,461176
2023-01-24,inbound,tcp,S3,250292
2023-01-24,internal,udp,SF,2014
2023-01-24,outbound,tcp,SHR,45131948
2023-01-24,internal,tcp,RSTO,5072
2023-01-24,inbound,icmp,OTH,140517411
2023-01-24,internal,tcp,RSTR,8463
2023-01-24,inbound,udp,OTH,118228649
2023-01-24,internal,tcp,SF,132220
2023-01-24,inbound,udp,SF,619754
2023-01-24,internal,tcp,SH,122659
2023-01-24,internal,tcp,REJ,4
2023-01-24,inbound,tcp,SF,8039861
2023-01-24,inbound,tcp,SH,7740749
2023-01-24,outbound,tcp,REJ,59086
2023-01-24,inbound,tcp,RSTO,1180104
2023-01-24,internal,tcp,RSTRH,5118
2023-01-24,internal,udp,SHR,76211
2023-01-24,outbound,tcp,RSTOS0,76010298
2023-01-24,inbound,tcp,RSTR,335655
2023-01-24,outbound,tcp,RSTRH,25772584
2023-01-24,outbound,udp,SHR,117259291
2023-01-24,inbound,tcp,RSTOS0,17661916
2023-01-24,internal,tcp,OTH,328788
2023-01-24,outbound,tcp,OTH,90620741
2023-01-24,outbound,udp,S0,2368875737
2023-01-24,inbound,tcp,SHR,13047590
2023-01-24,outbound,icmp,OTH,100340570
2023-01-24,internal,tcp,RSTOS0,26781
2023-01-25,inbound,tcp,RSTRH,1773938
2023-01-25,outbound,tcp,S0,107025386
2023-01-25,outbound,tcp,S1,8952203
2023-01-25,outbound,tcp,S2,3350797
2023-01-25,outbound,tcp,S3,3351040
2023-01-25,internal,udp,OTH,79659
2023-01-25,inbound,tcp,REJ,72218
2023-01-25,outbound,udp,SF,2456986
2023-01-25,outbound,udp,OTH,143302323
2023-01-25,outbound,tcp,SF,31504255
2023-01-25,outbound,tcp,SH,15669622
2023-01-25,inbound,udp,SHR,8721518
2023-01-25,outbound,tcp,RSTO,7483940
2023-01-25,outbound,tcp,RSTR,2862342
2023-01-25,internal,icmp,OTH,945768
2023-01-25,inbound,tcp,OTH,21615388
2023-01-25,internal,udp,S0,1464713
2023-01-25,internal,tcp,S0,254258
2023-01-25,internal,tcp,S1,2662
2023-01-25,inbound,udp,S0,1855728082
2023-01-25,internal,tcp,S2,2994
2023-01-25,internal,tcp,S3,1740
2023-01-25,inbound,tcp,S0,546615558
2023-01-25,internal,tcp,SHR,22509
2023-01-25,inbound,tcp,S1,807378
2023-01-25,inbound,tcp,S2,406293
2023-01-25,inbound,tcp,S3,241659
2023-01-25,internal,udp,SF,1021
2023-01-25,outbound,tcp,SHR,40717616
2023-01-25,internal,tcp,RSTO,1974
2023-01-25,inbound,icmp,OTH,106858891
2023-01-25,internal,tcp,RSTR,4984
2023-01-25,inbound,udp,OTH,189264049
2023-01-25,internal,tcp,SF,85014
2023-01-25,inbound,udp,SF,545314
2023-01-25,internal,tcp,SH,79395
2023-01-25,internal,tcp,REJ,14
2023-01-25,inbound,tcp,SF,6937340
2023-01-25,inbound,tcp,SH,7626583
2023-01-25,outbound,tcp,REJ,93924
2023-01-25,inbound,tcp,RSTO,947802
2023-01-25,internal,tcp,RSTRH,3133
2023-01-25,internal,udp,SHR,47464
2023-01-25,inbound,tcp,RSTR,255961
2023-01-25,outbound,tcp,RSTOS0,63847110
2023-01-25,outbound,tcp,RSTRH,21051069
2023-01-25,outbound,udp,SHR,66800538
2023-01-25,inbound,tcp,RSTOS0,12951801
2023-01-25,internal,tcp,OTH,226911
2023-01-25,outbound,tcp,OTH,79875345
2023-01-25,outbound,udp,S0,1790914254
2023-01-25,outbound,icmp,OTH,74004760
2023-01-25,inbound,tcp,SHR,9628580
2023-01-25,internal,tcp,RSTOS0,11292
2023-01-26,inbound,tcp,RSTRH,2019492
2023-01-26,outbound,tcp,S0,106842384
2023-01-26,outbound,tcp,S1,7744352
2023-01-26,outbound,tcp,S2,2854331
2023-01-26,outbound,tcp,S3,2805421
2023-01-26,internal,udp,OTH,18266
2023-01-26,inbound,tcp,REJ,30270
2023-01-26,outbound,udp,SF,1766511
2023-01-26,outbound,udp,OTH,61756376
2023-01-26,outbound,tcp,SF,29980513
2023-01-26,outbound,tcp,SH,15320342
2023-01-26,inbound,udp,SHR,12255894
2023-01-26,outbound,tcp,RSTO,6908940
2023-01-26,outbound,tcp,RSTR,2658503
2023-01-26,internal,icmp,OTH,1015286
2023-01-26,inbound,tcp,OTH,15455327
2023-01-26,internal,udp,S0,456700
2023-01-26,internal,tcp,S0,259254
2023-01-26,internal,tcp,S1,3025
2023-01-26,inbound,udp,S0,2058193353
2023-01-26,internal,tcp,S2,3125
2023-01-26,internal,tcp,S3,1864
2023-01-26,inbound,tcp,S0,571365732
2023-01-26,internal,tcp,SHR,23739
2023-01-26,inbound,tcp,S1,434753
2023-01-26,inbound,tcp,S2,298757
2023-01-26,inbound,tcp,S3,166117
2023-01-26,internal,udp,SF,1439
2023-01-26,outbound,tcp,SHR,40404812
2023-01-26,internal,tcp,RSTO,3156
2023-01-26,inbound,icmp,OTH,115428327
2023-01-26,internal,tcp,RSTR,6564
2023-01-26,inbound,udp,OTH,87821213
2023-01-26,internal,tcp,SF,90803
2023-01-26,inbound,udp,SF,481802
2023-01-26,internal,tcp,SH,79398
2023-01-26,internal,tcp,REJ,6
2023-01-26,inbound,tcp,SF,6097117
2023-01-26,inbound,tcp,SH,6054595
2023-01-26,outbound,tcp,REJ,41446
2023-01-26,inbound,tcp,RSTO,1061779
2023-01-26,internal,tcp,RSTRH,4229
2023-01-26,internal,udp,SHR,57389
2023-01-26,outbound,tcp,RSTOS0,67196569
2023-01-26,inbound,tcp,RSTR,329912
2023-01-26,outbound,tcp,RSTRH,21129664
2023-01-26,outbound,udp,SHR,92226809
2023-01-26,inbound,tcp,RSTOS0,15879078
2023-01-26,internal,tcp,OTH,230821
2023-01-26,outbound,tcp,OTH,54257823
2023-01-26,outbound,udp,S0,1940641196
2023-01-26,inbound,tcp,SHR,11062907
2023-01-26,outbound,icmp,OTH,82434777
2023-01-26,internal,tcp,RSTOS0,16872
2023-01-27,inbound,tcp,RSTRH,3089672
2023-01-27,outbound,tcp,S0,110222182
2023-01-27,outbound,tcp,S1,6942320
2023-01-27,outbound,tcp,S2,2524133
2023-01-27,outbound,tcp,S3,2738550
2023-01-27,internal,udp,OTH,101315
2023-01-27,inbound,tcp,REJ,144996
2023-01-27,outbound,udp,SF,1912782
2023-01-27,outbound,udp,OTH,77603486
2023-01-27,outbound,tcp,SF,31118368
2023-01-27,outbound,tcp,SH,14659939
2023-01-27,inbound,udp,SHR,13730756
2023-01-27,outbound,tcp,RSTO,6916890
2023-01-27,outbound,tcp,RSTR,2644172
2023-01-27,internal,icmp,OTH,1190608
2023-01-27,inbound,tcp,OTH,19628368
2023-01-27,internal,udp,S0,1472506
2023-01-27,internal,tcp,S0,281822
2023-01-27,internal,tcp,S1,2759
2023-01-27,inbound,udp,S0,2232901164
2023-01-27,internal,tcp,S2,2696
2023-01-27,internal,tcp,S3,1598
2023-01-27,inbound,tcp,S0,662561756
2023-01-27,inbound,tcp,S1,521505
2023-01-27,internal,tcp,SHR,25035
2023-01-27,inbound,tcp,S2,311044
2023-01-27,inbound,tcp,S3,179511
2023-01-27,internal,udp,SF,1169
2023-01-27,outbound,tcp,SHR,45178490
2023-01-27,internal,tcp,RSTO,2208
2023-01-27,inbound,icmp,OTH,147211369
2023-01-27,internal,tcp,RSTR,6375
2023-01-27,inbound,udp,OTH,92903679
2023-01-27,internal,tcp,SF,116829
2023-01-27,inbound,udp,SF,704533
2023-01-27,internal,tcp,SH,106293
2023-01-27,internal,tcp,REJ,169
2023-01-27,inbound,tcp,SF,7505037
2023-01-27,inbound,tcp,SH,6978085
2023-01-27,outbound,tcp,REJ,44762
2023-01-27,inbound,tcp,RSTO,1566153
2023-01-27,internal,tcp,RSTRH,4022
2023-01-27,internal,udp,SHR,66247
2023-01-27,outbound,tcp,RSTOS0,69146143
2023-01-27,inbound,tcp,RSTR,713201
2023-01-27,outbound,tcp,RSTRH,21477045
2023-01-27,outbound,udp,SHR,110538072
2023-01-27,inbound,tcp,RSTOS0,19564721
2023-01-27,internal,tcp,OTH,307153
2023-01-27,outbound,tcp,OTH,60134960
2023-01-27,outbound,udp,S0,2016566044
2023-01-27,outbound,icmp,OTH,107855611
2023-01-27,inbound,tcp,SHR,14117578
2023-01-27,internal,tcp,RSTOS0,16998
2023-01-28,inbound,tcp,RSTRH,2523904
2023-01-28,outbound,tcp,S0,75793949
2023-01-28,outbound,tcp,S1,2393272
2023-01-28,outbound,tcp,S2,924760
2023-01-28,outbound,tcp,S3,1256448
2023-01-28,internal,udp,OTH,99
2023-01-28,inbound,tcp,REJ,6193
2023-01-28,outbound,udp,SF,463903
2023-01-28,outbound,udp,OTH,8697192
2023-01-28,outbound,tcp,SF,20713398
2023-01-28,outbound,tcp,SH,9012725
2023-01-28,inbound,udp,SHR,22106425
2023-01-28,outbound,tcp,RSTO,4088112
2023-01-28,outbound,tcp,RSTR,1591501
2023-01-28,internal,icmp,OTH,2451808
2023-01-28,inbound,tcp,OTH,14255012
2023-01-28,internal,udp,S0,104512
2023-01-28,internal,tcp,S0,266803
2023-01-28,internal,tcp,S1,1003
2023-01-28,inbound,udp,S0,2526785806
2023-01-28,internal,tcp,S2,888
2023-01-28,internal,tcp,S3,691
2023-01-28,inbound,tcp,S0,626807714
2023-01-28,inbound,tcp,S1,226548
2023-01-28,internal,tcp,SHR,18741
2023-01-28,inbound,tcp,S2,134127
2023-01-28,inbound,tcp,S3,99526
2023-01-28,internal,udp,SF,152
2023-01-28,outbound,tcp,SHR,27918960
2023-01-28,internal,tcp,RSTO,1130
2023-01-28,inbound,icmp,OTH,161167940
2023-01-28,internal,tcp,RSTR,5343
2023-01-28,inbound,udp,OTH,11517596
2023-01-28,internal,tcp,SF,111916
2023-01-28,inbound,udp,SF,127343
2023-01-28,internal,tcp,SH,97325
2023-01-28,internal,tcp,REJ,4
2023-01-28,inbound,tcp,SF,6966930
2023-01-28,inbound,tcp,SH,7446559
2023-01-28,outbound,tcp,REJ,6619
2023-01-28,inbound,tcp,RSTO,1090486
2023-01-28,internal,tcp,RSTRH,3251
2023-01-28,internal,udp,SHR,60833
2023-01-28,outbound,tcp,RSTOS0,51077247
2023-01-28,inbound,tcp,RSTR,464243
2023-01-28,outbound,tcp,RSTRH,14466943
2023-01-28,outbound,udp,SHR,123688618
2023-01-28,inbound,tcp,RSTOS0,18967542
2023-01-28,internal,tcp,OTH,300216
2023-01-28,outbound,tcp,OTH,37608127
2023-01-28,outbound,udp,S0,2322087650
2023-01-28,outbound,icmp,OTH,123854560
2023-01-28,inbound,tcp,SHR,15628993
2023-01-28,internal,tcp,RSTOS0,12428
2023-01-29,inbound,tcp,RSTRH,2639284
2023-01-29,outbound,tcp,S0,75549079
2023-01-29,outbound,tcp,S1,2422793
2023-01-29,outbound,tcp,S2,852058
2023-01-29,outbound,tcp,S3,1202709
2023-01-29,internal,udp,OTH,481
2023-01-29,inbound,tcp,REJ,9446
2023-01-29,outbound,udp,SF,574576
2023-01-29,outbound,udp,OTH,38021471
2023-01-29,outbound,tcp,SF,20384195
2023-01-29,outbound,tcp,SH,9010860
2023-01-29,inbound,udp,SHR,17625267
2023-01-29,outbound,tcp,RSTO,3997763
2023-01-29,outbound,tcp,RSTR,1494910
2023-01-29,internal,icmp,OTH,2675109
2023-01-29,inbound,tcp,OTH,16052029
2023-01-29,internal,udp,S0,99696
2023-01-29,internal,tcp,S0,274543
2023-01-29,internal,tcp,S1,866
2023-01-29,inbound,udp,S0,2391485863
2023-01-29,internal,tcp,S2,883
2023-01-29,internal,tcp,S3,600
2023-01-29,inbound,tcp,S0,640483834
2023-01-29,inbound,tcp,S1,257676
2023-01-29,internal,tcp,SHR,17629
2023-01-29,inbound,tcp,S2,126865
2023-01-29,inbound,tcp,S3,99040
2023-01-29,internal,udp,SF,143
2023-01-29,outbound,tcp,SHR,27240190
2023-01-29,internal,tcp,RSTO,970
2023-01-29,inbound,icmp,OTH,160662464
2023-01-29,internal,tcp,RSTR,5304
2023-01-29,inbound,udp,OTH,43974453
2023-01-29,internal,tcp,SF,113887
2023-01-29,inbound,udp,SF,171385
2023-01-29,internal,tcp,SH,99484
2023-01-29,inbound,tcp,SF,8063261
2023-01-29,inbound,tcp,SH,9242495
2023-01-29,outbound,tcp,REJ,5207
2023-01-29,inbound,tcp,RSTO,1113883
2023-01-29,internal,tcp,RSTRH,3127
2023-01-29,internal,udp,SHR,57008
2023-01-29,outbound,tcp,RSTOS0,53553054
2023-01-29,inbound,tcp,RSTR,400352
2023-01-29,outbound,tcp,RSTRH,14424639
2023-01-29,outbound,udp,SHR,136917829
2023-01-29,inbound,tcp,RSTOS0,19957962
2023-01-29,internal,tcp,OTH,308002
2023-01-29,outbound,tcp,OTH,46198924
2023-01-29,outbound,udp,S0,2347561615
2023-01-29,outbound,icmp,OTH,127442650
2023-01-29,inbound,tcp,SHR,17079234
2023-01-29,internal,tcp,RSTOS0,10946
2023-01-30,inbound,tcp,RSTRH,3219975
2023-01-30,outbound,tcp,S0,105325429
2023-01-30,outbound,tcp,S1,6715598
2023-01-30,outbound,tcp,S2,2569999
2023-01-30,outbound,tcp,S3,2574570
2023-01-30,internal,udp,OTH,48276
2023-01-30,inbound,tcp,REJ,53489
2023-01-30,outbound,udp,SF,1568052
2023-01-30,outbound,udp,OTH,64735538
2023-01-30,outbound,tcp,SF,29302352
2023-01-30,outbound,tcp,SH,15036825
2023-01-30,inbound,udp,SHR,15852918
2023-01-30,outbound,tcp,RSTO,6690771
2023-01-30,outbound,tcp,RSTR,2531162
2023-01-30,internal,icmp,OTH,2064882
2023-01-30,inbound,tcp,OTH,15400678
2023-01-30,internal,udp,S0,1614011
2023-01-30,internal,tcp,S0,285833
2023-01-30,internal,tcp,S1,2635
2023-01-30,inbound,udp,S0,2089790276
2023-01-30,internal,tcp,S2,2687
2023-01-30,internal,tcp,S3,1473
2023-01-30,inbound,tcp,S0,528660103
2023-01-30,internal,tcp,SHR,23265
2023-01-30,inbound,tcp,S1,391514
2023-01-30,inbound,tcp,S2,271630
2023-01-30,inbound,tcp,S3,162494
2023-01-30,internal,udp,SF,1349
2023-01-30,outbound,tcp,SHR,40137764
2023-01-30,internal,tcp,RSTO,3075
2023-01-30,inbound,icmp,OTH,136451293
2023-01-30,internal,tcp,RSTR,7094
2023-01-30,inbound,udp,OTH,65297611
2023-01-30,internal,tcp,SF,109056
2023-01-30,inbound,udp,SF,399672
2023-01-30,internal,tcp,SH,100500
2023-01-30,internal,tcp,REJ,14
2023-01-30,inbound,tcp,SF,6516554
2023-01-30,inbound,tcp,SH,6422662
2023-01-30,outbound,tcp,REJ,32747
2023-01-30,inbound,tcp,RSTO,1140883
2023-01-30,internal,tcp,RSTRH,4262
2023-01-30,internal,udp,SHR,62057
2023-01-30,outbound,tcp,RSTOS0,66600216
2023-01-30,inbound,tcp,RSTR,368266
2023-01-30,outbound,tcp,RSTRH,20854419
2023-01-30,outbound,udp,SHR,79745543
2023-01-30,inbound,tcp,RSTOS0,16339623
2023-01-30,internal,tcp,OTH,287904
2023-01-30,outbound,tcp,OTH,46480566
2023-01-30,outbound,udp,S0,2041696962
2023-01-30,outbound,icmp,OTH,103505851
2023-01-30,inbound,tcp,SHR,15034558
2023-01-30,internal,tcp,RSTOS0,19667
2023-01-31,inbound,tcp,RSTRH,1735972
2023-01-31,outbound,tcp,S0,114252466
2023-01-31,outbound,tcp,S1,8308381
2023-01-31,outbound,tcp,S2,3335023
2023-01-31,outbound,tcp,S3,3270100
2023-01-31,internal,udp,OTH,103656
2023-01-31,inbound,tcp,REJ,60194
2023-01-31,outbound,udp,SF,2239866
2023-01-31,outbound,udp,OTH,60568590
2023-01-31,outbound,tcp,SF,33870514
2023-01-31,outbound,tcp,SH,16472887
2023-01-31,inbound,udp,SHR,17452881
2023-01-31,outbound,tcp,RSTO,7843818
2023-01-31,outbound,tcp,RSTR,3069475
2023-01-31,internal,icmp,OTH,1067059
2023-01-31,inbound,tcp,OTH,15830435
2023-01-31,internal,udp,S0,1854587
2023-01-31,internal,tcp,S0,314725
2023-01-31,internal,tcp,S1,5483
2023-01-31,inbound,udp,S0,1904248199
2023-01-31,internal,tcp,S2,4629
2023-01-31,internal,tcp,S3,2779
2023-01-31,inbound,tcp,S0,586121606
2023-01-31,inbound,tcp,S1,525702
2023-01-31,internal,tcp,SHR,28652
2023-01-31,inbound,tcp,S2,313484
2023-01-31,inbound,tcp,S3,175457
2023-01-31,internal,udp,SF,2856
2023-01-31,outbound,tcp,SHR,42344385
2023-01-31,internal,tcp,RSTO,6152
2023-01-31,inbound,icmp,OTH,120267875
2023-01-31,internal,tcp,RSTR,8039
2023-01-31,inbound,udp,OTH,55663280
2023-01-31,internal,tcp,SF,117167
2023-01-31,inbound,udp,SF,462350
2023-01-31,internal,tcp,SH,108716
2023-01-31,internal,tcp,REJ,25
2023-01-31,inbound,tcp,SF,6335471
2023-01-31,inbound,tcp,SH,5618660
2023-01-31,outbound,tcp,REJ,75596
2023-01-31,inbound,tcp,RSTO,1163250
2023-01-31,internal,tcp,RSTRH,4848
2023-01-31,internal,udp,SHR,66453
2023-01-31,outbound,tcp,RSTOS0,73870443
2023-01-31,inbound,tcp,RSTR,309251
2023-01-31,outbound,tcp,RSTRH,22612874
2023-01-31,outbound,udp,SHR,88816904
2023-01-31,inbound,tcp,RSTOS0,15384809
2023-01-31,internal,tcp,OTH,303260
2023-01-31,outbound,tcp,OTH,57221127
2023-01-31,outbound,udp,S0,1919817300
2023-01-31,inbound,tcp,SHR,14827339
2023-01-31,outbound,icmp,OTH,83974366
2023-01-31,internal,tcp,RSTOS0,27652
